Basketball Mens Basketball,Basketball
Judo Mens Extra-Lightweight,Judo
Football Mens Football,Football
Tug-Of-War Mens Tug-Of-War,Tug-Of-War
Speed Skating Womens 500 metres,Speed Skating
Speed Skating Womens 1000 metres,Speed Skating
Cross Country Skiing Mens 10 kilometres,Cross Country Skiing
Cross Country Skiing Mens 50 kilometres,Cross Country Skiing
Cross Country Skiing Mens 10/15 kilometres Pursuit,Cross Country Skiing
Cross Country Skiing Mens 4 x 10 kilometres Relay,Cross Country Skiing
Cross Country Skiing Mens 30 kilometres,Cross Country Skiing
Athletics Womens 100 metres,Athletics
Athletics Womens 4 x 100 metres Relay,Athletics
Ice Hockey Mens Ice Hockey,Ice Hockey
Swimming Mens 400 metres Freestyle,Swimming
Badminton Mens Singles,Badminton
Biathlon Womens 7.5 kilometres Sprint,Biathlon
Swimming Mens 200 metres Breaststroke,Swimming
Swimming Mens 400 metres Breaststroke,Swimming
Gymnastics Mens Individual All-Around,Gymnastics
Gymnastics Mens Team All-Around,Gymnastics
Gymnastics Mens Floor Exercise,Gymnastics
Gymnastics Mens Horse Vault,Gymnastics
Gymnastics Mens Parallel Bars,Gymnastics
Gymnastics Mens Horizontal Bar,Gymnastics
Gymnastics Mens Rings,Gymnastics
Gymnastics Mens Pommelled Horse,Gymnastics
Athletics Mens Shot Put,Athletics
Art Competitions Mixed Sculpturing Unknown Event,Art Competitions
Alpine Skiing Mens Downhill,Alpine Skiing
Alpine Skiing Mens Super G,Alpine Skiing
Alpine Skiing Mens Giant Slalom,Alpine Skiing
Alpine Skiing Mens Slalom,Alpine Skiing
Alpine Skiing Mens Combined,Alpine Skiing
Handball Womens Handball,Handball
Weightlifting Womens Super-Heavyweight,Weightlifting
Wrestling Mens Light-Heavyweight Greco-Roman,Wrestling
Speed Skating Mens 500 metres,Speed Skating
Speed Skating Mens 1500 metres,Speed Skating
Gymnastics Mens Team All-Around Free System,Gymnastics
Luge Womens Singles,Luge
Water Polo Mens Water Polo,Water Polo
Hockey Womens Hockey,Hockey
Rowing Mens Lightweight Double Sculls,Rowing
Athletics Mens Pole Vault,Athletics
Athletics Mens High Jump,Athletics
Athletics Mens 1500 metres,Athletics
Bobsleigh Mens Four,Bobsleigh
Swimming Mens 100 metres Butterfly,Swimming
Swimming Mens 200 metres Butterfly,Swimming
Swimming Mens 4 x 100 metres Medley Relay,Swimming
Football Womens Football,Football
Fencing Mens Foil Individual,Fencing
Fencing Mens epee Individual,Fencing
Fencing Mens epee Team,Fencing
Speed Skating Mens 5000 metres,Speed Skating
Speed Skating Mens 10000 metres,Speed Skating
Equestrianism Mixed Jumping Individual,Equestrianism
Cross Country Skiing Mens 15 kilometres,Cross Country Skiing
Shooting Mens Small-Bore Rifle Prone 50 metres,Shooting
Shooting Mens Rapid-Fire Pistol 25 metres,Shooting
Shooting Mens Trap,Shooting
Athletics Mens 4 x 100 metres Relay,Athletics
Athletics Mens Long Jump,Athletics
Boxing Mens Light-Welterweight,Boxing
Athletics Womens Javelin Throw,Athletics
Wrestling Mens Heavyweight Freestyle,Wrestling
Taekwondo Mens Flyweight,Taekwondo
Boxing Mens Heavyweight,Boxing
Athletics Mens 5000 metres,Athletics
Cycling Mens Road Race Individual,Cycling
Cycling Mens Road Race Team,Cycling
Weightlifting Mens Lightweight,Weightlifting
Weightlifting Mens Middleweight,Weightlifting
Rowing Mens Coxless Pairs,Rowing
Judo Mens Half-Middleweight,Judo
Taekwondo Womens Flyweight,Taekwondo
Boxing Mens Flyweight,Boxing
Basketball Womens Basketball,Basketball
Diving Mens Platform,Diving
Canoeing Mens Canadian Doubles 500 metres,Canoeing
Canoeing Mens Canadian Doubles 1000 metres,Canoeing
Canoeing Mens Kayak Fours 1000 metres,Canoeing
Handball Mens Handball,Handball
Rowing Womens Coxless Pairs,Rowing
Boxing Mens Middleweight,Boxing
Judo Mens Lightweight,Judo
Boxing Mens Featherweight,Boxing
Tennis Mens Doubles,Tennis
Shooting Mixed Skeet,Shooting
Wrestling Mens Featherweight Freestyle,Wrestling
Athletics Womens Shot Put,Athletics
Rowing Mens Coxed Eights,Rowing
Cycling Womens Sprint,Cycling
Cycling Womens 500 metres Time Trial,Cycling
Athletics Mens 110 metres Hurdles,Athletics
Shooting Mixed Trap,Shooting
Athletics Womens Marathon,Athletics
Athletics Mens 100 metres,Athletics
Fencing Mens Foil Team,Fencing
Fencing Mens Sabre Team,Fencing
Swimming Mens 100 metres Freestyle,Swimming
Swimming Mens 4 x 200 metres Freestyle Relay,Swimming
Boxing Mens Lightweight,Boxing
Modern Pentathlon Mens Individual,Modern Pentathlon
Boxing Mens Welterweight,Boxing
Rowing Mens Quadruple Sculls,Rowing
Rowing Mens Double Sculls,Rowing
Rowing Mens Coxed Pairs,Rowing
Athletics Mens 400 metres Hurdles,Athletics
Athletics Mens 400 metres,Athletics
Athletics Mens Hammer Throw,Athletics
Weightlifting Mens Featherweight,Weightlifting
Athletics Mens 800 metres,Athletics
Hockey Mens Hockey,Hockey
Alpine Skiing Womens Slalom,Alpine Skiing
Rowing Womens Single Sculls,Rowing
Swimming Mens 50 metres Freestyle,Swimming
Weightlifting Womens Featherweight,Weightlifting
Water Polo Womens Water Polo,Water Polo
Figure Skating Mens Singles,Figure Skating
Weightlifting Mens Heavyweight,Weightlifting
Equestrianism Mixed Three-Day Event Individual,Equestrianism
Equestrianism Mixed Three-Day Event Team,Equestrianism
Figure Skating Mixed Team,Figure Skating
Cycling Womens Road Race Individual,Cycling
Golf Womens Individual,Golf
Softball Womens Softball,Softball
Archery Womens Individual,Archery
Wrestling Mens Heavyweight Greco-Roman,Wrestling
Volleyball Mens Volleyball,Volleyball
Taekwondo Womens Heavyweight,Taekwondo
Synchronized Swimming Womens Duet,Synchronized Swimming
Synchronized Swimming Womens Team,Synchronized Swimming
Taekwondo Womens Featherweight,Taekwondo
Athletics Mens Marathon,Athletics
Athletics Mens 4 x 400 metres Relay,Athletics
Athletics Mens 10000 metres,Athletics
Athletics Womens 3000 metres,Athletics
Diving Womens Platform,Diving
Shooting Mens Air Rifle 10 metres,Shooting
Athletics Mens 200 metres,Athletics
Weightlifting Mens Flyweight,Weightlifting
Swimming Mens 100 metres Backstroke,Swimming
Weightlifting Mens Light-Heavyweight,Weightlifting
Wrestling Mens Lightweight Greco-Roman,Wrestling
Fencing Mens Sabre Individual,Fencing
Wrestling Mens Super-Heavyweight Greco-Roman,Wrestling
Shooting Mens Free Pistol 50 metres,Shooting
Shooting Mens Air Pistol 10 metres,Shooting
Rowing Mens Coxless Fours,Rowing
Boxing Mens Light-Flyweight,Boxing
Boxing Mens Super-Heavyweight,Boxing
Wrestling Mens Flyweight Greco-Roman,Wrestling
Shooting Womens Air Rifle 10 metres,Shooting
Weightlifting Mens Middle-Heavyweight,Weightlifting
Athletics Mens Javelin Throw,Athletics
Volleyball Womens Volleyball,Volleyball
Wrestling Mens Welterweight Greco-Roman,Wrestling
Wrestling Mens Middleweight Greco-Roman,Wrestling
Athletics Mens 3000 metres Steeplechase,Athletics
Wrestling Mens Middleweight Freestyle,Wrestling
Swimming Womens 100 metres Backstroke,Swimming
Swimming Womens 200 metres Backstroke,Swimming
Swimming Womens 4 x 100 metres Medley Relay,Swimming
Wrestling Mens Light-Heavyweight Freestyle,Wrestling
Modern Pentathlon Mens Team,Modern Pentathlon
Boxing Mens Bantamweight,Boxing
Athletics Womens 200 metres,Athletics
Table Tennis Womens Singles,Table Tennis
Table Tennis Womens Doubles,Table Tennis
Shooting Mens Skeet,Shooting
Swimming Womens 50 metres Freestyle,Swimming
Shooting Mens Small-Bore Rifle Three Positions 50 metres,Shooting
Athletics Mens Triple Jump,Athletics
Weightlifting Womens Lightweight,Weightlifting
Athletics Womens Long Jump,Athletics
Fencing Womens epee Individual,Fencing
Swimming Mens 200 metres Freestyle,Swimming
Swimming Mens 4 x 100 metres Freestyle Relay,Swimming
Swimming Mens 200 metres Backstroke,Swimming
Swimming Mens 200 metres Individual Medley,Swimming
Swimming Mens 400 metres Individual Medley,Swimming
Badminton Womens Singles,Badminton
Boxing Mens Light-Middleweight,Boxing
Tennis Mens Singles,Tennis
Wrestling Mens Bantamweight Freestyle,Wrestling
Wrestling Mens Flyweight Freestyle,Wrestling
Athletics Womens 5000 metres,Athletics
Weightlifting Womens Light-Heavyweight,Weightlifting
Weightlifting Womens Heavyweight,Weightlifting
Athletics Mens Discus Throw,Athletics
Taekwondo Mens Featherweight,Taekwondo
Taekwondo Mens Welterweight,Taekwondo
Judo Mens Heavyweight,Judo
Cycling Mens Sprint,Cycling
Bobsleigh Mens Two,Bobsleigh
Wrestling Mens Lightweight Freestyle,Wrestling
Nordic Combined Mens Team,Nordic Combined
Nordic Combined Mens Individual,Nordic Combined
Baseball Mens Baseball,Baseball
Rowing Mens Coxed Fours,Rowing
Cycling Mens 100 kilometres Team Time Trial,Cycling
Rhythmic Gymnastics Womens Group,Rhythmic Gymnastics
Art Competitions Mixed Architecture Designs For Town Planning,Art Competitions
Art Competitions Mixed Architecture Architectural Designs,Art Competitions
Gymnastics Womens Individual All-Around,Gymnastics
Gymnastics Womens Team All-Around,Gymnastics
Gymnastics Womens Floor Exercise,Gymnastics
Gymnastics Womens Horse Vault,Gymnastics
Gymnastics Womens Uneven Bars,Gymnastics
Gymnastics Womens Balance Beam,Gymnastics
Diving Womens Springboard,Diving
Diving Womens Synchronized Springboard,Diving
Athletics Womens 10000 metres,Athletics
Judo Womens Half-Middleweight,Judo
Athletics Mens Decathlon,Athletics
Biathlon Mens 10 kilometres Sprint,Biathlon
Biathlon Mens 20 kilometres,Biathlon
Biathlon Mens 4 x 7.5 kilometres Relay,Biathlon
Freestyle Skiing Mens Moguls,Freestyle Skiing
Wrestling Mens Middleweight A Greco-Roman,Wrestling
Athletics Womens Discus Throw,Athletics
Swimming Womens 4 x 100 metres Freestyle Relay,Swimming
Athletics Womens 1500 metres,Athletics
Shooting Womens Air Pistol 10 metres,Shooting
Shooting Womens Sporting Pistol 25 metres,Shooting
Canoeing Mens Kayak Doubles 500 metres,Canoeing
Canoeing Mens Kayak Singles 500 metres,Canoeing
Canoeing Mens Kayak Singles 1000 metres,Canoeing
Shooting Mens Running Target 50 metres,Shooting
Judo Womens Half-Heavyweight,Judo
Athletics Womens Pole Vault,Athletics
Rugby Sevens Womens Rugby Sevens,Rugby Sevens
Table Tennis Mens Team,Table Tennis
Figure Skating Mixed Pairs,Figure Skating
Freestyle Skiing Mens Aerials,Freestyle Skiing
Rowing Womens Coxed Eights,Rowing
Athletics Womens 4 x 400 metres Relay,Athletics
Alpine Skiing Womens Giant Slalom,Alpine Skiing
Alpine Skiing Womens Super G,Alpine Skiing
Cross Country Skiing Womens 5 kilometres,Cross Country Skiing
Cross Country Skiing Womens 10 kilometres,Cross Country Skiing
Cross Country Skiing Womens 20 kilometres,Cross Country Skiing
Cycling Mens 1000 metres Time Trial,Cycling
Cycling Mens Individual Pursuit 4000 metres,Cycling
Wrestling Mens Welterweight Freestyle,Wrestling
Wrestling Mens Bantamweight Greco-Roman,Wrestling
Rowing Womens Lightweight Double Sculls,Rowing
Athletics Womens 800 metres,Athletics
Rowing Womens Coxed Quadruple Sculls,Rowing
Biathlon Mens 12.5 kilometres Pursuit,Biathlon
Biathlon Mixed 2 x 6 kilometres and 2 x 7.5 kilometres Relay,Biathlon
Rhythmic Gymnastics Womens Individual,Rhythmic Gymnastics
Canoeing Mens Kayak Singles Slalom,Canoeing
Archery Mens Individual,Archery
Archery Mens Team,Archery
Speed Skating Womens 1500 metres,Speed Skating
Speed Skating Womens Team Pursuit (6 laps),Speed Skating
Cross Country Skiing Mens Sprint,Cross Country Skiing
Athletics Womens 400 metres,Athletics
Figure Skating Womens Singles,Figure Skating
Speed Skating Mens 1000 metres,Speed Skating
Trampolining Mens Individual,Trampolining
Beach Volleyball Mens Beach Volleyball,Beach Volleyball
Cycling Womens Mountainbike Cross-Country,Cycling
Athletics Mens Javelin Throw Both Hands,Athletics
Triathlon Womens Olympic Distance,Triathlon
Gymnastics Womens Team Portable Apparatus,Gymnastics
Cycling Mens Mountainbike Cross-Country,Cycling
Athletics Womens 400 metres Hurdles,Athletics
Diving Mens Springboard,Diving
Wrestling Mens Featherweight Greco-Roman,Wrestling
Table Tennis Mens Singles,Table Tennis
Art Competitions Mixed Painting,Art Competitions
Cross Country Skiing Womens 3 x 5 kilometres Relay,Cross Country Skiing
Judo Mens Open Class,Judo
Rowing Womens Quadruple Sculls,Rowing
Gymnastics Mens Team All-Around Swedish System,Gymnastics
Nordic Combined Mens Sprint,Nordic Combined
Athletics Womens Pentathlon,Athletics
Art Competitions Mixed Painting Unknown Event,Art Competitions
Cycling Mens Team Pursuit 4000 metres,Cycling
Weightlifting Womens Middleweight,Weightlifting
Swimming Mens 1500 metres Freestyle,Swimming
Wrestling Womens Light-Heavyweight Freestyle,Wrestling
Swimming Womens 100 metres Freestyle,Swimming
Equestrianism Mens Jumping Individual,Equestrianism
Equestrianism Mens Jumping Team,Equestrianism
Equestrianism Mens Three-Day Event Individual,Equestrianism
Equestrianism Mens Three-Day Event Team,Equestrianism
Alpine Skiing Womens Combined,Alpine Skiing
Athletics Womens High Jump,Athletics
Ski Jumping Mens Normal Hill Individual,Ski Jumping
Canoeing Womens Kayak Fours 500 metres,Canoeing
Ice Hockey Womens Ice Hockey,Ice Hockey
Trampolining Womens Individual,Trampolining
Curling Mens Curling,Curling
Art Competitions Mixed Literature,Art Competitions
Judo Mens Middleweight,Judo
Biathlon Womens 15 kilometres,Biathlon
Biathlon Womens 3 x 7.5 kilometres Relay,Biathlon
Biathlon Womens 4 x 7.5 kilometres Relay,Biathlon
Judo Mens Half-Lightweight,Judo
Fencing Womens Foil Team,Fencing
Swimming Womens 200 metres Butterfly,Swimming
Swimming Womens 400 metres Individual Medley,Swimming
Golf Mens Individual,Golf
Athletics Mens Standing High Jump,Athletics
Athletics Mens Standing Long Jump,Athletics
Athletics Mens 20 kilometres Walk,Athletics
Swimming Mens 220 yard Freestyle,Swimming
Swimming Mens 880 yard Freestyle,Swimming
Swimming Mens One Mile Freestyle,Swimming
Swimming Mens 4 x 50 Yard Freestyle Relay,Swimming
Swimming Mens Plunge For Distance,Swimming
Shooting Mens Free Rifle Three Positions 300 metres,Shooting
Shooting Mens Military Rifle Three Positions 300 metres,Shooting
Shooting Mens Military Rifle Any Position 600 metres,Shooting
Shooting Mens Military Rifle 200 400 500 and 600 metres Team,Shooting
Shooting Mens Military Rifle Prone 300 metres,Shooting
Judo Mens Half-Heavyweight,Judo
Archery Womens Team,Archery
Athletics Mens 50 kilometres Walk,Athletics
Rowing Womens Double Sculls,Rowing
Boxing Mens Light-Heavyweight,Boxing
Boxing Womens Flyweight,Boxing
Athletics Womens 100 metres Hurdles,Athletics
Athletics Mens Discus Throw Greek Style,Athletics
Curling Womens Curling,Curling
Wrestling Womens Heavyweight Freestyle,Wrestling
Badminton Mixed Doubles,Badminton
Fencing Womens Foil Individual,Fencing
Shooting Mens Military Rifle 300 metres and 600 metres Prone Team,Shooting
Table Tennis Mens Doubles,Table Tennis
Wrestling Mens Light-Flyweight Freestyle,Wrestling
Wrestling Womens Featherweight Freestyle,Wrestling
Swimming Womens 200 metres Freestyle,Swimming
Swimming Womens 400 metres Freestyle,Swimming
Swimming Womens 200 metres Individual Medley,Swimming
Freestyle Skiing Mens Slopestyle,Freestyle Skiing
Shooting Mens Running Target Single Shot,Shooting
Shooting Mens Running Target Double Shot,Shooting
Rugby Sevens Mens Rugby Sevens,Rugby Sevens
Wrestling Womens Lightweight Freestyle,Wrestling
Modern Pentathlon Womens Individual,Modern Pentathlon
Canoeing Mens Canadian Doubles Slalom,Canoeing
Judo Womens Half-Lightweight,Judo
Diving Womens Plain High,Diving
Equestrianism Mens Dressage Individual,Equestrianism
Equestrianism Mens Dressage Team,Equestrianism
Tennis Womens Singles Covered Courts,Tennis
Diving Mens Plain High,Diving
Shooting Mixed Small-Bore Rifle Three Positions 50 metres,Shooting
Shooting Mixed Small-Bore Rifle Prone 50 metres,Shooting
Swimming Womens 800 metres Freestyle,Swimming
Alpine Skiing Womens Downhill,Alpine Skiing
Shooting Mens Free Pistol 50 metres Team,Shooting
Shooting Mens Free Rifle Three Positions 300 metres Team,Shooting
Shooting Mens Military Rifle Prone 300 metres Team,Shooting
Shooting Mens Military Rifle Prone 600 metres Team,Shooting
Shooting Mens Military Rifle Standing 300 metres Team,Shooting
Shooting Mens Free Rifle Prone 600 metres,Shooting
Shooting Mens Free Rifle 400 600 and 800 metres Team,Shooting
Rowing Mens Single Sculls,Rowing
Cycling Mens Tandem Sprint 2000 metres,Cycling
Freestyle Skiing Womens Halfpipe,Freestyle Skiing
Athletics Womens Heptathlon,Athletics
Cycling Mens Points Race,Cycling
Synchronized Swimming Womens Solo,Synchronized Swimming
Equestrianism Mixed Dressage Individual,Equestrianism
Equestrianism Mixed Dressage Team,Equestrianism
Cross Country Skiing Mens 18 kilometres,Cross Country Skiing
Swimming Mens 100 metres Breaststroke,Swimming
Figure Skating Mixed Ice Dancing,Figure Skating
Shooting Mixed Free Pistol 50 metres,Shooting
Canoeing Mens Kayak Doubles 10000 metres,Canoeing
Triathlon Mens Olympic Distance,Triathlon
Cross Country Skiing Womens 30 kilometres,Cross Country Skiing
Cross Country Skiing Womens 15 km Skiathlon,Cross Country Skiing
Rowing Mens 17-Man Naval Rowing Boats,Rowing
Beach Volleyball Womens Beach Volleyball,Beach Volleyball
Weightlifting Mens Super-Heavyweight,Weightlifting
Rowing Mens Lightweight Coxless Fours,Rowing
Wrestling Mens Light-Flyweight Greco-Roman,Wrestling
Canoeing Mens Canadian Singles 1000 metres,Canoeing
Equestrianism Mixed Jumping Team,Equestrianism
Diving Mens Synchronized Platform,Diving
Snowboarding Mens Halfpipe,Snowboarding
Canoeing Womens Kayak Singles Slalom,Canoeing
Weightlifting Womens Flyweight,Weightlifting
Swimming Womens 100 metres Breaststroke,Swimming
Swimming Womens 200 metres Breaststroke,Swimming
Wrestling Mens Middleweight B Greco-Roman,Wrestling
Athletics Mens Stone Throw,Athletics
Athletics Mens Javelin Throw Freestyle,Athletics
Athletics Mens Pentathlon (Ancient),Athletics
Shooting Womens Small-Bore Rifle Three Positions 50 metres,Shooting
Swimming Womens 100 metres Butterfly,Swimming
Weightlifting Mens Heavyweight I,Weightlifting
Athletics Womens 3000 metres Steeplechase,Athletics
Athletics Mens Shot Put Both Hands,Athletics
Ski Jumping Mens Large Hill Individual,Ski Jumping
Ski Jumping Mens Large Hill Team,Ski Jumping
Shooting Womens Trap,Shooting
Badminton Mens Doubles,Badminton
Swimming Womens 4 x 200 metres Freestyle Relay,Swimming
Athletics Mens 10 kilometres Walk,Athletics
Athletics Womens 20 kilometres Walk,Athletics
Athletics Womens 80 metres Hurdles,Athletics
Freestyle Skiing Womens Aerials,Freestyle Skiing
Art Competitions Mixed Painting Paintings,Art Competitions
Tennis Mixed Doubles Covered Courts,Tennis
Cycling Mens Madison,Cycling
Art Competitions Mixed Sculpturing Statues,Art Competitions
Weightlifting Mens Heavyweight II,Weightlifting
Canoeing Womens Kayak Doubles 500 metres,Canoeing
Short Track Speed Skating Mens 5000 metres Relay,Short Track Speed Skating
Cycling Mens Individual Time Trial,Cycling
Judo Womens Heavyweight,Judo
Canoeing Mens Kayak Doubles 1000 metres,Canoeing
Gymnastics Mens Individual All-Around 5 Events,Gymnastics
Wrestling Mens Super-Heavyweight Freestyle,Wrestling
Biathlon Womens 10 kilometres Pursuit,Biathlon
Biathlon Womens 12.5 kilometres Mass Start,Biathlon
Biathlon Womens 4 x 6 kilometres Relay,Biathlon
Fencing Womens Sabre Team,Fencing
Shooting Mens Double Trap,Shooting
Weightlifting Mens Bantamweight,Weightlifting
Taekwondo Mens Heavyweight,Taekwondo
Taekwondo Womens Welterweight,Taekwondo
Shooting Mixed Free Rifle Three Positions 300 metres,Shooting
Skeleton Mens Skeleton,Skeleton
Cycling Mens 50 kilometres,Cycling
Shooting Mixed Rapid-Fire Pistol 25 metres,Shooting
Cycling Mens 333 metres Time Trial,Cycling
Cycling Mens 20 kilometres,Cycling
Canoeing Mens Kayak Singles 10000 metres,Canoeing
Canoeing Mens Canadian Singles Slalom,Canoeing
Luge Mens Singles,Luge
Luge Mixed (Men)s Doubles,Luge
Badminton Womens Doubles,Badminton
Speed Skating Womens 3000 metres,Speed Skating
Cross Country Skiing Womens 5/10 kilometres Pursuit,Cross Country Skiing
Cross Country Skiing Womens 4 x 5 kilometres Relay,Cross Country Skiing
Cross Country Skiing Womens 15 kilometres,Cross Country Skiing
Cross Country Skiing Womens 5/5 kilometres Pursuit,Cross Country Skiing
Diving Womens Synchronized Platform,Diving
Athletics Womens Triple Jump,Athletics
Skeleton Womens Skeleton,Skeleton
Bobsleigh Mens Four/Five,Bobsleigh
Art Competitions Mixed Painting Drawings And Water Colors,Art Competitions
Shooting Mens Dueling Pistol 30 metres,Shooting
Boxing Womens Lightweight,Boxing
Cycling Womens BMX,Cycling
Canoeing Mens Kayak Doubles 200 metres,Canoeing
Fencing Mens Sabre Masters Individual,Fencing
Lacrosse Mens Lacrosse,Lacrosse
Canoeing Womens Kayak Singles 500 metres,Canoeing
Athletics Womens 10 kilometres Walk,Athletics
Judo Womens Extra-Lightweight,Judo
Diving Mens Synchronized Springboard,Diving
Rowing Mens Coxed Fours Outriggers,Rowing
Gymnastics Mens Rope Climbing,Gymnastics
Art Competitions Mixed Architecture Unknown Event,Art Competitions
Archery Mens Target Archery 28 metres Team,Archery
Archery Mens Target Archery 33 metres Team,Archery
Archery Mens Target Archery 50 metres Team,Archery
Short Track Speed Skating Womens 3000 metres Relay,Short Track Speed Skating
Freestyle Skiing Womens Moguls,Freestyle Skiing
Short Track Speed Skating Mens 500 metres,Short Track Speed Skating
Shooting Mens Running Target 10 metres,Shooting
Polo Mens Polo,Polo
Rowing Mens Coxed Fours Inriggers,Rowing
Cycling Mens BMX,Cycling
Art Competitions Mixed Sculpturing,Art Competitions
Athletics Mens Cross-Country Individual,Athletics
Athletics Mens Cross-Country Team,Athletics
Cross Country Skiing Mens 10/10 kilometres Pursuit,Cross Country Skiing
Ski Jumping Womens Normal Hill Individual,Ski Jumping
Short Track Speed Skating Mens 1000 metres,Short Track Speed Skating
Short Track Speed Skating Mens 1500 metres,Short Track Speed Skating
Gymnastics Mens Club Swinging,Gymnastics
Tennis Womens Singles,Tennis
Tennis Mixed Doubles,Tennis
Tennis Womens Doubles,Tennis
Judo Womens Middleweight,Judo
Judo Womens Lightweight,Judo
Cross Country Skiing Mens Team Sprint,Cross Country Skiing
Snowboarding Womens Halfpipe,Snowboarding
Canoeing Womens Kayak Singles 200 metres,Canoeing
Canoeing Mens Kayak Relay 4 x 500 metres,Canoeing
Athletics Mens 3000 metres Team,Athletics
Cross Country Skiing Womens Sprint,Cross Country Skiing
Shooting Mens Small-Bore Rifle Prone 50 and 100 yards,Shooting
Shooting Mens Small-Bore Rifle 50 and 100 yards Team,Shooting
Shooting Mens Small-Bore Rifle Disappearing Target 25 yards,Shooting
Shooting Mens Small-Bore Rifle Moving Target 25 yards,Shooting
Shooting Mens Military Pistol Team,Shooting
Rugby Mens Rugby,Rugby
Rowing Womens Coxed Fours,Rowing
Weightlifting Mens Unlimited One Hand,Weightlifting
Canoeing Mens Canadian Singles 500 metres,Canoeing
Fencing Mens Foil Masters Individual,Fencing
Fencing Mens epee Masters Individual,Fencing
Gymnastics Mens Individual All-Around Field Sports,Gymnastics
Gymnastics Mens Individual All-Around Apparatus Work,Gymnastics
Art Competitions Mixed Music Compositions For Solo Or Chorus,Art Competitions
Fencing Womens epee Team,Fencing
Swimming Mens 4000 metres Freestyle,Swimming
Swimming Mens Underwater Swimming,Swimming
Shooting Mens Military Rifle 200/500/600/800/900/1000 Yards Team,Shooting
Shooting Mens Running Target Single And Double Shot,Shooting
Shooting Mens Small-Bore Rifle Any Position 50 metres,Shooting
Shooting Mens Small-Bore Rifle Disappearing Target 25 metres,Shooting
Swimming Womens 10 kilometres Open Water,Swimming
Snowboarding Womens Slopestyle,Snowboarding
Snowboarding Mens Giant Slalom,Snowboarding
Snowboarding Mens Parallel Giant Slalom,Snowboarding
Snowboarding Mens Boardercross,Snowboarding
Snowboarding Mens Parallel Slalom,Snowboarding
Cycling Mens Team Pursuit 1980 yards,Cycling
Cycling Mens 5000 metres,Cycling
Cycling Mens 100 kilometres,Cycling
Canoeing Mens Canadian Singles 10000 metres,Canoeing
Cross Country Skiing Womens Team Sprint,Cross Country Skiing
Boxing Womens Middleweight,Boxing
Athletics Mens Pentathlon,Athletics
Swimming Mens 1200 metres Freestyle,Swimming
Shooting Womens Skeet,Shooting
Biathlon Mens 15 kilometres Mass Start,Biathlon
Cross Country Skiing Mens 30 km Skiathlon,Cross Country Skiing
Cycling Mens 1/4 mile,Cycling
Cycling Mens 1/2 mile,Cycling
Cycling Mens 5 mile,Cycling
Cycling Mens 25 mile,Cycling
Shooting Mens Small-Bore Rifle Standing 50 metres,Shooting
Shooting Mens Small Bore-Rifle Standing 50 metres Team,Shooting
Speed Skating Mens Team Pursuit (8 laps),Speed Skating
Shooting Mens Free Rifle 1000 Yards,Shooting
Cycling Womens Team Pursuit,Cycling
Speed Skating Womens 5000 metres,Speed Skating
Athletics Mens 3000 metres Walk,Athletics
Snowboarding Womens Boardercross,Snowboarding
Shooting Mixed Running Target 50 metres,Shooting
Luge Mixed Team Relay,Luge
Cycling Womens Individual Time Trial,Cycling
Fencing Womens Sabre Individual,Fencing
Fencing Mens Sabre Individual Three Hits,Fencing
Archery Womens Double National Round,Archery
Cycling Mens Omnium,Cycling
Equestrianism Mixed Hacks And Hunter Combined,Equestrianism
Shooting Mens Trap Team,Shooting
Cycling Womens Individual Pursuit 3000 metres,Cycling
Cycling Womens Points Race,Cycling
Cycling Mens Keirin,Cycling
Cycling Mens Team Sprint,Cycling
Athletics Mens 5 mile,Athletics
Shooting Mens Running Target Single Shot Team,Shooting
Bobsleigh Womens Two,Bobsleigh
